{"name":"Shopping Tracker","short_name":"Shopping Tracker","theme_color":"#ffffff","background_color":"#ffffff","display":"standalone","orientation":"portrait","prefer_related_applications":false,"scope":"/","start_url":"/","related_applications":[{"platform":"webapp","url":"https://cashrer.vercel.app/"}],"icons":[{"src":"icons/icon-48x48.png","sizes":"48x48","type":"image/png","purpose":"maskable"},{"src":"icons/icon-72x72.png","sizes":"72x72","type":"image/png","purpose":"maskable"},{"src":"icons/icon-96x96.png","sizes":"96x96","type":"image/png","purpose":"maskable"},{"src":"icons/icon-128x128.png","sizes":"128x128","type":"image/png","purpose":"maskable"},{"src":"icons/icon-144x144.png","sizes":"144x144","type":"image/png","purpose":"maskable"},{"src":"icons/icon-144x144.png","sizes":"144x144","type":"image/png","purpose":"any"},{"src":"icons/icon-152x152.png","sizes":"152x152","type":"image/png","purpose":"maskable"},{"src":"icons/icon-192x192.png","sizes":"192x192","type":"image/png","purpose":"maskable"},{"src":"icons/icon-384x384.png","sizes":"384x384","type":"image/png","purpose":"maskable"},{"src":"icons/icon-512x512.png","sizes":"512x512","type":"image/png","purpose":"maskable"}],"screenshots":[{"src":"piggy.jpg","sizes":"1568x980","type":"image/jpg","purpose":"any"},{"src":"piggy.jpg","sizes":"1568x980","type":"image/jpg","form_factor":"wide","purpose":"any"}],"splash_pages":null}